{
    "What is the interest rate?": "The interest rate depends on your credit score. It ranges from 5% to 15%.",
    "What is the maximum loan amount?": "You can apply for loans up to $50,000 depending on your eligibility.",
    "What documents are needed for a loan?": "You need ID proof, address proof, income statement, and bank statements.",
    "How long does loan approval take?": "Loan approval typically takes 24-48 hours.",
    "Can I repay my loan early?": "Yes, you can repay early without any penalty."
}
